id_procesu,id_smeny,planovana_delka_procesu(s),typ_smeny,operator_zam_cislo,planovany_pocet_priprav,planovany_cas_priprav_a_nastaveni(s),procenta_zasob,index_slozitosti_vyrobku,typ_vyrobku,pocet_servisu,planovana_delka_servisu(s),planovana_dostupnost,skutecna_dostupnost,skutecne_zpozdeni_predchozich_procesu_smeny(s),posleni_proces_smeny
1,1,7200,ranni,736,3,1500,82,5,A,1,1200,4500,4355,0,0
2,1,10800,ranni,736,1,900,82,10,B,0,0,9900,9880,235,0
3,1,10800,ranni,736,2,1200,82,25,A,0,0,9600,8720,552,1
4,2,8400,odpoledni,968,1,900,79,31,C,0,0,7500,7255,0,0
5,2,20400,odpoledni,968,2,1200,79,10,D,0,0,19200,17922,470.000000000001,1
6,3,10800,ranni,736,3,1500,76,36,A,0,0,9300,8961,0,0
7,3,3600,ranni,736,1,900,76,25,D,0,0,2700,2572,711.000000000001,0
8,3,10800,ranni,736,3,1500,76,28,B,0,0,9300,9054,893.000000000001,0
9,3,3600,ranni,736,1,900,76,34,A,0,0,2700,994.999999999999,1604,1
10,4,7200,odpoledni,968,1,900,75,15,D,0,0,6300,6028,0,0
11,4,21600,odpoledni,968,1,900,75,13,A,0,0,20700,19994,272,1
12,5,10800,ranni,736,2,1200,73,6,B,0,0,9600,9560,0,0
13,5,18000,ranni,736,2,1200,73,9,D,0,0,16800,16096,328.000000000001,1
14,6,10800,odpoledni,968,3,1500,71,16,D,0,0,9300,8868,0,0
15,6,18000,odpoledni,968,1,900,71,40,D,0,0,17100,15451,432,1
16,7,18000,ranni,736,3,1500,69,19,A,0,0,16500,16275,0,0
17,7,6000,ranni,736,1,900,69,17,B,0,0,5100,4978,555.000000000001,0
18,7,4800,ranni,736,1,900,69,16,B,0,0,3900,2870,932.000000000001,1
19,8,28800,odpoledni,968,3,1500,65,9,B,0,0,27300,27240,0,1
20,9,7200,ranni,736,1,900,64,16,A,0,0,6300,6217,0,0
21,9,7200,ranni,736,3,1500,64,9,A,0,0,5700,5583,209,0
22,9,7200,ranni,736,3,1500,64,24,A,0,0,5700,5583,440,0
23,9,7200,ranni,736,3,1500,64,15,C,0,0,5700,4741,785.000000000001,1
24,10,3600,odpoledni,968,1,900,63,38,A,0,0,2700,2437,0,0
25,10,3600,odpoledni,968,1,900,63,14,D,0,0,2700,2572,371,0
26,10,3600,odpoledni,968,1,900,63,23,D,0,0,2700,2491,499,0
27,10,18000,odpoledni,968,3,1500,63,17,A,0,0,16500,15267,843,1
28,11,28800,ranni,668,1,900,60,16,C,1,1200,26700,25839,0,1
29,12,28800,odpoledni,661,3,1500,57,17,B,0,0,27300,26421,0,1
30,13,12000,ranni,668,3,1500,56,7,C,0,0,10500,10125,0,0
31,13,16800,ranni,668,3,1500,56,23,A,0,0,15300,14559,375,1
32,14,12000,odpoledni,661,1,900,55,7,A,0,0,11100,10858,0,0
33,14,16800,odpoledni,661,3,1500,55,22,A,0,0,15300,14470,464.000000000001,1
34,15,7200,ranni,668,3,1500,54,13,B,0,0,5700,5412,0,0
35,15,8400,ranni,668,2,1200,54,6,A,0,0,7200,7016,459,0
36,15,7200,ranni,668,3,1500,54,7,A,0,0,5700,5526,786.999999999999,0
37,15,6000,ranni,668,1,900,54,6,D,0,0,5100,3750,1075,1
38,16,12000,odpoledni,661,1,900,52,18,D,0,0,11100,10636,0,0
39,16,3600,odpoledni,661,1,900,52,8,C,0,0,2700,2653,464,0
40,16,13200,odpoledni,661,3,1500,51,7,C,0,0,11700,11012,511,1
41,17,8400,ranni,668,1,900,51,26,B,0,0,7500,7180,0,0
42,17,12000,ranni,668,1,900,51,37,D,0,0,11100,10414,695,0
43,17,3600,ranni,668,1,900,51,19,A,0,0,2700,2626,1936,0
44,17,4800,ranni,668,1,900,50,11,C,0,0,3900,1699,2064,1
45,18,4800,odpoledni,661,1,900,50,42,D,0,0,3900,3685,0,0
46,18,13200,odpoledni,661,1,900,50,7,D,0,0,12300,11788,410,0
47,18,7200,odpoledni,661,3,1500,50,19,A,0,0,5700,5526,922,0
48,18,3600,odpoledni,661,1,900,48,17,B,0,0,2700,1389,1210,1
49,19,4800,ranni,668,1,900,48,12,A,0,0,3900,3802,0,0
50,19,9600,ranni,668,2,1200,48,9,C,0,0,8400,8108,176,0
51,19,14400,ranni,668,2,1200,47,25,B,0,0,13200,12164,468,1
52,20,6000,odpoledni,661,1,900,47,36,C,0,0,5100,5029,0,0
53,20,7200,odpoledni,661,3,1500,47,12,D,0,0,5700,5412,224,0
54,20,7200,odpoledni,661,3,1500,47,10,A,0,0,5700,5526,512,0
55,20,8400,odpoledni,661,1,900,45,11,C,0,0,7500,6605,800,1
56,21,28800,ranni,968,3,1500,42,7,A,1,1200,26100,25739,0,1
57,22,6000,odpoledni,736,1,900,42,8,B,0,0,5100,5080,0,0
58,22,7200,odpoledni,736,2,1200,42,13,D,0,0,6000,5720,275,0
59,22,15600,odpoledni,736,3,1500,41,7,A,0,0,14100,13083,675,1
60,23,12000,ranni,968,3,1500,41,38,B,0,0,10500,10020,0,0
61,23,16800,ranni,968,3,1500,39,16,D,0,0,15300,13623,1005,1
62,24,8400,odpoledni,736,2,1200,39,19,C,0,0,7200,7088,0,0
63,24,14400,odpoledni,736,1,900,39,7,B,0,0,13500,13480,328.000000000001,0
64,24,6000,odpoledni,736,1,900,38,21,B,0,0,5100,3904,1023,1
65,25,7200,ranni,968,3,1500,38,40,B,0,0,5700,5412,0,0
66,25,8400,ranni,968,1,900,38,14,A,0,0,7500,7405,573,0
67,25,9600,ranni,968,3,1500,38,14,A,0,0,8100,7959,817.999999999999,0
68,25,3600,ranni,968,1,900,36,18,A,0,0,2700,1532,1121,1
69,26,12000,odpoledni,736,3,1500,36,13,B,0,0,10500,10125,0,0
70,26,16800,odpoledni,736,3,1500,33,17,A,0,0,15300,14034,900,1
71,27,10800,ranni,968,1,900,33,5,A,0,0,9900,9781,0,0
72,27,18000,ranni,968,1,900,31,6,C,0,0,17100,16250,316.999999999999,1
73,28,3600,odpoledni,736,1,900,31,14,A,0,0,2700,2626,0,0
74,28,12000,odpoledni,736,2,1200,31,40,B,0,0,10800,10436,182,0
75,28,9600,odpoledni,736,1,900,31,9,B,0,0,8700,8680,1086,0
76,28,3600,odpoledni,736,1,900,29,13,C,0,0,2700,1112,1541,1
77,29,28800,ranni,968,1,900,27,22,D,0,0,27900,26206,0,1
78,30,28800,odpoledni,736,3,1500,24,16,C,0,0,27300,26967,0,1
79,31,12000,ranni,661,3,1500,24,14,A,1,1200,9300,9014,0,0
80,31,16800,ranni,661,3,1500,23,30,B,0,0,15300,14462,471.999999999999,1
81,32,7200,odpoledni,668,3,1500,23,12,C,0,0,5700,5469,0,0
82,32,7200,odpoledni,668,1,900,23,33,A,0,0,6300,5713,231,0
83,32,3600,odpoledni,668,1,900,23,8,B,0,0,2700,2680,1070,0
84,32,10800,odpoledni,668,2,1200,20,13,C,0,0,9600,8101,1171,1
85,33,7200,ranni,661,2,1200,20,18,D,0,0,6000,5840,0,0
86,33,7200,ranni,661,1,900,20,5,B,0,0,6300,6280,160,0
87,33,7200,ranni,661,1,900,20,23,D,0,0,6300,6028,369,0
88,33,7200,ranni,661,3,1500,18,16,D,0,0,5700,4570,956,1
89,34,8400,odpoledni,668,2,1200,15,12,A,0,0,7200,7016,0,0
90,34,3600,odpoledni,668,1,900,15,39,D,0,0,2700,2518,328,0
91,34,7200,odpoledni,668,1,900,15,9,A,0,0,6300,6154,645,0
92,34,9600,odpoledni,668,1,900,15,29,A,0,0,8700,6980,917,1
93,35,14400,ranni,661,2,1200,12,20,C,0,0,13200,12896,0,0
94,35,14400,ranni,661,3,1500,12,10,C,0,0,12900,11882,700.000000000001,1
95,36,13200,odpoledni,668,2,1200,10,5,B,0,0,12000,11960,0,0
96,36,15600,odpoledni,668,2,1200,10,18,B,0,0,14400,13240,400,1
97,37,28800,ranni,661,3,1500,10,36,B,0,0,27300,26694,0,1
98,38,7200,odpoledni,668,3,1500,9,29,A,0,0,5700,5127,0,0
99,38,21600,odpoledni,668,1,900,9,17,B,0,0,20700,18958,687,1
100,39,3600,ranni,661,1,900,98,19,C,0,0,2700,2626,0,0
101,39,7200,ranni,661,3,1500,98,7,A,0,0,5700,5526,155,0
102,39,7200,ranni,661,3,1500,98,29,A,0,0,5700,5469,443,0
103,39,10800,ranni,661,3,1500,95,16,D,0,0,9300,8266,788,1
104,40,28800,odpoledni,668,1,900,93,19,A,0,0,27900,27322,0,1
105,41,28800,ranni,736,3,1500,92,27,B,1,1200,26100,25478,0,1
106,42,28800,odpoledni,968,3,1500,90,30,D,0,0,27300,25329,0,1
107,43,7200,ranni,736,2,1200,90,5,C,0,0,6000,5840,0,0
108,43,4800,ranni,736,1,900,90,14,B,0,0,3900,3802,160,0
109,43,4800,ranni,736,1,900,90,10,C,0,0,3900,3802,453.000000000001,0
110,43,12000,ranni,736,3,1500,89,31,B,0,0,10500,9679,551,1
111,44,28800,odpoledni,968,2,1200,86,37,A,0,0,27600,25076,0,1
112,45,9600,ranni,736,2,1200,86,13,C,0,0,8400,8192,0,0
113,45,19200,ranni,736,1,900,83,12,D,0,0,18300,17706,208,1
114,46,6000,odpoledni,968,1,900,83,17,A,0,0,5100,4978,0,0
115,46,22800,odpoledni,968,1,900,80,5,D,0,0,21900,20780,224,1
116,47,14400,ranni,736,1,900,80,18,C,0,0,13500,13210,0,0
117,47,3600,ranni,736,1,900,80,6,A,0,0,2700,2653,695.000000000001,0
118,47,8400,ranni,736,1,900,80,25,A,0,0,7500,7255,796.000000000001,0
119,47,2400,ranni,736,1,900,79,33,C,0,0,1500,108.999999999999,1341,1
120,48,28800,odpoledni,968,1,900,78,10,C,0,0,27900,27043,0,1
121,49,9600,ranni,736,1,900,78,18,D,0,0,8700,8332,0,0
122,49,4800,ranni,736,1,900,78,10,C,0,0,3900,3802,541.999999999999,0
123,49,6000,ranni,736,1,900,78,5,D,0,0,5100,4978,639.999999999999,0
124,49,8400,ranni,736,1,900,77,18,D,0,0,7500,6418,761.999999999999,1
125,50,3600,odpoledni,968,1,900,77,17,A,0,0,2700,2626,0,0
126,50,10800,odpoledni,968,1,900,77,7,B,0,0,9900,9880,128,0
127,50,7200,odpoledni,968,3,1500,77,16,B,0,0,5700,5355,445.000000000001,0
128,50,7200,odpoledni,968,1,900,74,12,A,0,0,6300,5193,961.000000000001,1
129,51,7200,ranni,668,3,1500,74,20,C,1,1200,4500,4265,0,0
130,51,3600,ranni,668,1,900,74,19,B,0,0,2700,2572,370,0
131,51,7200,ranni,668,2,1200,74,15,D,0,0,6000,5660,579,0
132,51,10800,ranni,668,3,1500,72,25,C,0,0,9300,8042,919,1
133,52,9600,odpoledni,661,3,1500,72,31,D,0,0,8100,7635,0,0
134,52,19200,odpoledni,661,1,900,69,16,B,0,0,18300,16861,870,1
135,53,8400,ranni,668,2,1200,69,12,C,0,0,7200,6944,0,0
136,53,14400,ranni,668,3,1500,69,14,C,0,0,12900,12453,256,0
137,53,3600,ranni,668,1,900,69,23,A,0,0,2700,2626,703,0
138,53,2400,ranni,668,1,900,66,12,A,0,0,1500,619,831,1
139,54,10800,odpoledni,661,2,1200,66,5,C,0,0,9600,9464,0,0
140,54,7200,odpoledni,661,1,900,66,7,B,0,0,6300,6280,136,0
141,54,10800,odpoledni,661,2,1200,65,15,A,0,0,9600,9023,345,1
142,55,28800,ranni,668,2,1200,62,19,D,0,0,27600,25904,0,1
143,56,7200,odpoledni,661,2,1200,62,14,B,0,0,6000,5780,0,0
144,56,7200,odpoledni,661,3,1500,62,8,C,0,0,5700,5583,400,0
145,56,7200,odpoledni,661,2,1200,62,5,B,0,0,6000,5960,517,0
146,56,7200,odpoledni,661,2,1200,60,15,A,0,0,6000,5103,737,1
147,57,7200,ranni,668,3,1500,60,8,B,0,0,5700,5640,0,0
148,57,7200,ranni,668,1,900,60,16,C,0,0,6300,6091,231,0
149,57,7200,ranni,668,3,1500,60,17,D,0,0,5700,5355,629,0
150,57,7200,ranni,668,1,900,58,33,C,0,0,6300,5117,974,1
151,58,10800,odpoledni,661,2,1200,58,17,A,0,0,9600,9368,0,0
152,58,18000,odpoledni,661,1,900,55,22,B,0,0,17100,16143,424,1
153,59,28800,ranni,668,1,900,53,9,A,0,0,27900,27322,0,1
154,60,9600,odpoledni,661,1,900,53,9,B,0,0,8700,8680,0,0
155,60,3600,odpoledni,661,1,900,53,21,C,0,0,2700,2653,281,0
156,60,12000,odpoledni,661,2,1200,53,6,A,0,0,10800,10544,409,0
157,60,3600,odpoledni,661,1,900,51,22,B,0,0,2700,1718,881,1
158,61,3600,ranni,968,1,900,51,10,A,1,1200,1500,1425,0,0
159,61,4800,ranni,968,1,900,51,14,B,0,0,3900,3724,105,0
160,61,4800,ranni,968,1,900,51,33,D,0,0,3900,3646,398,0
161,61,15600,ranni,968,1,900,48,25,A,0,0,14700,13686,847,1
162,62,28800,odpoledni,736,2,1200,45,5,C,0,0,27600,27284,0,1
163,63,12000,ranni,968,1,900,45,26,A,0,0,11100,10969,0,0
164,63,12000,ranni,968,2,1200,45,18,D,0,0,10800,10328,353.000000000001,0
165,63,4800,ranni,968,1,900,43,32,A,0,0,3900,2899,825.000000000001,1
166,64,10800,odpoledni,736,1,900,43,6,B,0,0,9900,9880,0,0
167,64,18000,odpoledni,736,3,1500,42,40,C,0,0,16500,15760,515.000000000001,1
168,65,10800,ranni,968,2,1200,42,18,C,0,0,9600,9272,0,0
169,65,18000,ranni,968,1,900,39,34,D,0,0,17100,15438,616,1
170,66,13200,odpoledni,736,3,1500,39,14,B,0,0,11700,11289,0,0
171,66,6000,odpoledni,736,1,900,39,6,A,0,0,5100,4978,996.000000000001,0
172,66,9600,odpoledni,736,2,1200,37,37,D,0,0,8400,6720,1220,1
173,67,14400,ranni,968,1,900,37,14,A,0,0,13500,13345,0,0
174,67,14400,ranni,968,2,1200,36,10,B,0,0,13200,12735,425,1
175,68,28800,odpoledni,736,3,1500,34,28,C,0,0,27300,26967,0,1
176,69,3600,ranni,968,1,900,34,5,B,0,0,2700,2680,0,0
177,69,10800,ranni,968,3,1500,34,16,D,0,0,9300,8868,101,0
178,69,7200,ranni,968,2,1200,34,13,D,0,0,6000,5720,533,0
179,69,7200,ranni,968,3,1500,31,10,A,0,0,5700,4770,813,1
180,70,8400,odpoledni,736,2,1200,31,40,C,0,0,7200,7088,0,0
181,70,7200,odpoledni,736,2,1200,31,17,D,0,0,6000,5720,328.000000000001,0
182,70,9600,odpoledni,736,2,1200,31,17,C,0,0,8400,8276,728,0
183,70,3600,odpoledni,736,1,900,29,40,A,0,0,2700,1414,1104,1
184,71,9600,ranni,661,1,900,29,12,C,1,1200,7500,7290,0,0
185,71,10800,ranni,661,1,900,29,14,B,0,0,9900,9682,210,0
186,71,3600,ranni,661,1,900,29,15,C,0,0,2700,2626,725.000000000001,0
187,71,4800,ranni,661,1,900,26,16,A,0,0,3900,3003,799.000000000001,1
188,72,28800,odpoledni,668,2,1200,23,16,B,0,0,27600,26180,0,1
189,73,18000,ranni,661,1,900,23,12,A,0,0,17100,16738,0,0
190,73,10800,ranni,661,1,900,22,19,A,0,0,9900,8978,703.999999999999,1
191,74,10800,odpoledni,668,3,1500,22,11,D,0,0,9300,8868,0,0
192,74,7200,odpoledni,668,3,1500,22,39,B,0,0,5700,5355,432,0
193,74,10800,odpoledni,668,2,1200,19,18,C,0,0,9600,8210,1062,1
194,75,14400,ranni,661,2,1200,19,7,C,0,0,13200,12896,0,0
195,75,14400,ranni,661,1,900,16,7,D,0,0,13500,12906,304,1
196,76,14400,odpoledni,668,1,900,16,28,D,0,0,13500,12670,0,0
197,76,6000,odpoledni,668,1,900,16,16,A,0,0,5100,4978,1505,0
198,76,8400,odpoledni,668,1,900,16,19,A,0,0,7500,5601,1729,1
199,77,9600,ranni,661,1,900,14,25,B,0,0,8700,8506,0,0
200,77,9600,ranni,661,2,1200,14,22,A,0,0,8400,8192,629,0
201,77,4800,ranni,661,1,900,14,17,D,0,0,3900,3802,1005,0
202,77,4800,ranni,661,1,900,14,18,C,0,0,3900,2699,1103,1
203,78,14400,odpoledni,668,1,900,13,35,A,0,0,13500,12265,0,0
204,78,7200,odpoledni,668,3,1500,13,15,D,0,0,5700,5412,1775,0
205,78,7200,odpoledni,668,2,1200,13,40,A,0,0,6000,3357,2063,1
206,79,7200,ranni,661,3,1500,12,10,A,0,0,5700,5526,0,0
207,79,3600,ranni,661,1,900,12,9,C,0,0,2700,2626,288,0
208,79,3600,ranni,661,1,900,12,6,A,0,0,2700,2626,362,0
209,79,14400,ranni,661,3,1500,12,37,A,0,0,12900,11963,490,1
210,80,8400,odpoledni,668,3,1500,11,16,B,0,0,6900,6495,0,0
211,80,14400,odpoledni,668,2,1200,11,7,D,0,0,13200,12632,612,0
212,80,6000,odpoledni,668,1,900,11,12,A,0,0,5100,3798,1180,1
213,81,28800,ranni,736,3,1500,10,10,A,1,1200,26100,25739,0,1
214,82,28800,odpoledni,968,2,1200,9,19,D,0,0,27600,26456,0,1
215,83,28800,ranni,736,2,1200,8,11,B,0,0,27600,27008,0,1
216,84,3600,odpoledni,968,1,900,7,13,A,0,0,2700,2626,0,0
217,84,3600,odpoledni,968,1,900,7,22,C,0,0,2700,2599,128,0
218,84,4800,odpoledni,968,1,900,7,36,C,0,0,3900,3763,310,0
219,84,16800,odpoledni,968,3,1500,7,19,C,0,0,15300,14217,564.000000000001,1
220,85,7200,ranni,736,1,900,5,10,B,0,0,6300,6280,0,0
221,85,7200,ranni,736,1,900,5,9,C,0,0,6300,6154,209,0
222,85,7200,ranni,736,3,1500,5,24,A,0,0,5700,5583,355,0
223,85,7200,ranni,736,2,1200,5,10,A,0,0,6000,5200,700.000000000001,1
224,86,28800,odpoledni,968,1,900,4,14,C,0,0,27900,27043,0,1
225,87,28800,ranni,736,2,1200,99,6,A,0,0,27600,27284,0,1
226,88,7200,odpoledni,968,3,1500,99,12,D,0,0,5700,5412,0,0
227,88,7200,odpoledni,968,2,1200,99,21,B,0,0,6000,5660,288,0
228,88,14400,odpoledni,968,3,1500,97,31,A,0,0,12900,10871,808.000000000001,1
229,89,28800,ranni,736,1,900,96,5,B,0,0,27900,27880,0,1
230,90,14400,odpoledni,968,1,900,96,7,B,0,0,13500,13480,0,0
231,90,14400,odpoledni,968,1,900,95,11,A,0,0,13500,12785,424.999999999999,1
232,91,6000,ranni,668,1,900,95,6,B,1,1200,3900,3840,0,0
233,91,7200,ranni,668,2,1200,95,10,C,0,0,6000,5780,177,0
234,91,4800,ranni,668,1,900,95,6,B,0,0,3900,3880,397,0
235,91,10800,ranni,668,2,1200,94,16,A,0,0,9600,8834,534.000000000001,1
236,92,10800,odpoledni,661,2,1200,94,5,C,0,0,9600,9464,0,0
237,92,18000,odpoledni,661,2,1200,91,27,B,0,0,16800,16120,136,1
238,93,4800,ranni,668,1,900,91,7,C,0,0,3900,3763,0,0
239,93,7200,ranni,668,3,1500,91,8,A,0,0,5700,5526,137,0
240,93,12000,ranni,668,3,1500,91,34,B,0,0,10500,10020,425,0
241,93,4800,ranni,668,1,900,88,20,A,0,0,3900,2372,1430,1
242,94,3600,odpoledni,661,1,900,88,7,D,0,0,2700,2572,0,0
243,94,8400,odpoledni,661,1,900,88,32,D,0,0,7500,7105,128,0
244,94,6000,odpoledni,661,1,900,88,17,D,0,0,5100,4876,898,0
245,94,10800,odpoledni,661,3,1500,87,29,A,0,0,9300,7560,1122,1
246,95,13200,ranni,668,1,900,87,18,A,0,0,12300,12034,0,0
247,95,4800,ranni,668,1,900,87,10,D,0,0,3900,3685,512,0
248,95,7200,ranni,668,3,1500,87,33,C,0,0,5700,5469,727,0
249,95,3600,ranni,668,1,900,84,7,C,0,0,2700,1470,1129,1
250,96,12000,odpoledni,661,2,1200,84,22,D,0,0,10800,10220,0,0
251,96,7200,odpoledni,661,1,900,84,13,C,0,0,6300,6217,1120,0
252,96,9600,odpoledni,661,2,1200,81,33,C,0,0,8400,7073,1203,1
253,97,28800,ranni,668,3,1500,79,10,A,0,0,27300,26694,0,1
254,98,9600,odpoledni,661,2,1200,79,19,C,0,0,8400,8276,0,0
255,98,7200,odpoledni,661,1,900,79,18,D,0,0,6300,6028,376.000000000001,0
256,98,3600,odpoledni,661,1,900,79,38,C,0,0,2700,2653,648.000000000001,0
257,98,8400,odpoledni,661,3,1500,76,7,B,0,0,6900,6064,776.000000000001,1
258,99,3600,ranni,668,1,900,76,5,A,0,0,2700,2626,0,0
259,99,6000,ranni,668,1,900,76,9,D,0,0,5100,4825,128,0
260,99,10800,ranni,668,3,1500,76,18,D,0,0,9300,8775,403,0
261,99,8400,ranni,668,2,1200,73,15,A,0,0,7200,6088,928,1
262,100,28800,odpoledni,661,2,1200,72,14,C,0,0,27600,27284,0,1
263,101,8400,ranni,968,2,1200,72,15,D,1,1200,6000,5680,0,0
264,101,7200,ranni,968,3,1500,72,35,D,0,0,5700,5298,320,0
265,101,7200,ranni,968,2,1200,72,14,D,0,0,6000,5720,1007,0
266,101,6000,ranni,968,1,900,71,14,C,0,0,5100,3640,1287,1
267,102,16800,odpoledni,736,2,1200,71,35,C,0,0,15600,15404,0,0
268,102,12000,odpoledni,736,2,1200,68,17,D,0,0,10800,9664,664.000000000001,1
269,103,16800,ranni,968,3,1500,68,33,A,0,0,15300,14628,0,0
270,103,12000,ranni,968,1,900,65,39,C,0,0,11100,9463,1284,1
271,104,3600,odpoledni,736,1,900,65,21,B,0,0,2700,2599,0,0
272,104,3600,odpoledni,736,1,900,65,37,C,0,0,2700,2653,236,0
273,104,6000,odpoledni,736,1,900,65,17,C,0,0,5100,5029,364,0
274,104,15600,odpoledni,736,1,900,62,10,B,0,0,14700,14092,588.000000000001,1
275,105,16800,ranni,968,2,1200,62,17,A,0,0,15600,15404,0,0
276,105,12000,ranni,968,3,1500,61,15,A,0,0,10500,9827,507.999999999999,1
277,106,7200,odpoledni,736,3,1500,61,13,C,0,0,5700,5583,0,0
278,106,7200,odpoledni,736,1,900,61,18,A,0,0,6300,6154,117,0
279,106,7200,odpoledni,736,1,900,61,18,B,0,0,6300,6091,515,0
280,106,7200,odpoledni,736,2,1200,59,12,C,0,0,6000,4861,1039,1
281,107,28800,ranni,968,3,1500,57,6,A,0,0,27300,26967,0,1
282,108,18000,odpoledni,736,1,900,57,24,B,0,0,17100,16567,0,0
283,108,10800,odpoledni,736,2,1200,55,38,C,0,0,9600,8076,1388,1
284,109,8400,ranni,968,1,900,55,8,B,0,0,7500,7480,0,0
285,109,7200,ranni,968,3,1500,55,10,B,0,0,5700,5640,245.000000000001,0
286,109,4800,ranni,968,1,900,55,18,B,0,0,3900,3724,476,0
287,109,8400,ranni,968,1,900,52,18,C,0,0,7500,6486,769.000000000001,1
288,110,28800,odpoledni,736,1,900,50,24,D,0,0,27900,26485,0,1
289,111,13200,ranni,661,1,900,50,11,A,1,1200,11100,10818,0,0
290,111,15600,ranni,661,3,1500,47,10,A,0,0,14100,13254,504,1
291,112,8400,odpoledni,668,2,1200,47,17,C,0,0,7200,6944,0,0
292,112,4800,odpoledni,668,1,900,47,14,A,0,0,3900,3802,472.000000000001,0
293,112,3600,odpoledni,668,1,900,47,10,C,0,0,2700,2599,648,0
294,112,12000,odpoledni,668,3,1500,45,31,A,0,0,10500,8746,749,1
295,113,4800,ranni,661,1,900,45,7,B,0,0,3900,3880,0,0
296,113,4800,ranni,661,1,900,45,18,A,0,0,3900,3802,137,0
297,113,8400,ranni,661,3,1500,45,18,C,0,0,6900,6702,313,0
298,113,10800,ranni,661,2,1200,44,38,B,0,0,9600,8650,718.000000000001,1
299,114,8400,odpoledni,668,3,1500,44,6,C,0,0,6900,6633,0,0
300,114,4800,odpoledni,668,1,900,44,9,B,0,0,3900,3880,267,0
301,114,4800,odpoledni,668,1,900,44,42,C,0,0,3900,3763,404,0
302,114,10800,odpoledni,668,3,1500,42,8,A,0,0,9300,8396,658.000000000001,1
303,115,14400,ranni,661,3,1500,42,12,A,0,0,12900,12582,0,0
304,115,14400,ranni,661,3,1500,40,27,D,0,0,12900,11748,575.999999999999,1
305,116,13200,odpoledni,668,1,900,40,12,C,0,0,12300,11911,0,0
306,116,15600,odpoledni,668,2,1200,37,7,D,0,0,14400,13395,389,1
307,117,28800,ranni,661,3,1500,35,15,A,0,0,27300,26694,0,1
308,118,28800,odpoledni,668,3,1500,34,5,D,0,0,27300,26148,0,1
309,119,18000,ranni,661,1,900,34,16,D,0,0,17100,16738,0,0
310,119,10800,ranni,661,3,1500,33,24,C,0,0,9300,8692,362,1
311,120,7200,odpoledni,668,1,900,33,9,B,0,0,6300,6280,0,0
312,120,3600,odpoledni,668,1,900,33,13,A,0,0,2700,2626,209,0
313,120,3600,odpoledni,668,1,900,33,23,B,0,0,2700,2545,337,0
314,120,14400,odpoledni,668,3,1500,32,8,C,0,0,12900,11880,573.000000000001,1
315,121,12000,ranni,736,2,1200,32,39,D,1,1200,9600,9136,0,0
316,121,16800,ranni,736,1,900,30,17,A,0,0,15900,15065,656.000000000001,1
317,122,13200,odpoledni,968,2,1200,30,19,B,0,0,12000,11360,0,0
318,122,7200,odpoledni,968,2,1200,30,5,D,0,0,6000,5720,1000,0
319,122,4800,odpoledni,968,1,900,30,18,A,0,0,3900,3802,1280,0
320,122,3600,odpoledni,968,1,900,28,36,B,0,0,2700,1089,1456,1
321,123,9600,ranni,736,3,1500,28,19,D,0,0,8100,7716,0,0
322,123,12000,ranni,736,3,1500,28,10,B,0,0,10500,10440,546,0
323,123,7200,ranni,736,1,900,26,19,D,0,0,6300,5107,921.000000000001,1
324,124,8400,odpoledni,968,2,1200,26,18,C,0,0,7200,6944,0,0
325,124,6000,odpoledni,968,1,900,26,8,B,0,0,5100,5080,472,0
326,124,7200,odpoledni,968,2,1200,26,18,A,0,0,6000,5840,644.999999999999,0
327,124,7200,odpoledni,968,1,900,24,18,D,0,0,6300,5103,925,1
328,125,8400,ranni,736,1,900,24,8,B,0,0,7500,7480,0,0
329,125,8400,ranni,736,2,1200,24,11,B,0,0,7200,7016,245.000000000001,0
330,125,12000,ranni,736,1,900,23,17,C,0,0,11100,10213,645.000000000001,1
331,126,7200,odpoledni,968,3,1500,23,10,A,0,0,5700,5526,0,0
332,126,7200,odpoledni,968,1,900,23,19,C,0,0,6300,6091,288,0
333,126,7200,odpoledni,968,3,1500,23,18,B,0,0,5700,5355,686.000000000001,0
334,126,7200,odpoledni,968,3,1500,21,11,D,0,0,5700,4210,1202,1
335,127,12000,ranni,736,3,1500,21,35,A,0,0,10500,10125,0,0
336,127,6000,ranni,736,1,900,21,8,C,0,0,5100,4978,795.000000000001,0
337,127,10800,ranni,736,3,1500,20,31,D,0,0,9300,7951,917.000000000001,1
338,128,14400,odpoledni,968,2,1200,20,12,D,0,0,13200,12632,0,0
339,128,14400,odpoledni,968,1,900,19,26,B,0,0,13500,12237,568,1
340,129,28800,ranni,736,2,1200,17,5,D,0,0,27600,27008,0,1
341,130,28800,odpoledni,968,3,1500,16,25,C,0,0,27300,26421,0,1
342,131,16800,ranni,668,3,1500,16,17,A,1,1200,14100,13718,0,0
343,131,12000,ranni,668,1,900,13,11,B,0,0,11100,9972,664.000000000001,1
344,132,28800,odpoledni,661,1,900,12,15,A,0,0,27900,27322,0,1
345,133,12000,ranni,668,2,1200,12,29,A,0,0,10800,10004,0,0
346,133,10800,ranni,668,1,900,12,19,D,0,0,9900,9286,1012,0
347,133,6000,ranni,668,1,900,10,32,B,0,0,5100,3250,1626,1
348,134,7200,odpoledni,661,3,1500,10,9,B,0,0,5700,5640,0,0
349,134,10800,odpoledni,661,1,900,10,18,B,0,0,9900,9583,231,0
350,134,10800,odpoledni,661,2,1200,7,12,A,0,0,9600,8523,845.000000000001,1
351,135,6000,ranni,668,1,900,7,10,D,0,0,5100,4825,0,0
352,135,6000,ranni,668,1,900,7,18,A,0,0,5100,4978,275,0
353,135,6000,ranni,668,1,900,7,20,D,0,0,5100,4774,499,0
354,135,10800,ranni,668,2,1200,6,8,D,0,0,9600,8000,1080,1
355,136,8400,odpoledni,661,1,900,6,42,D,0,0,7500,7105,0,0
356,136,7200,odpoledni,661,2,1200,6,13,C,0,0,6000,5900,770,0
357,136,6000,odpoledni,661,1,900,6,25,A,0,0,5100,4978,870,0
358,136,7200,odpoledni,661,2,1200,3,31,A,0,0,6000,4506,1094,1
359,137,12000,ranni,668,2,1200,97,17,D,0,0,10800,10220,0,0
360,137,16800,ranni,668,1,900,95,6,C,0,0,15900,14823,580,1
361,138,2400,odpoledni,661,1,900,95,38,B,0,0,1500,1435,0,0
362,138,12000,odpoledni,661,3,1500,95,37,B,0,0,10500,10125,140,0
363,138,4800,odpoledni,661,1,900,95,17,C,0,0,3900,3841,1040,0
364,138,9600,odpoledni,661,2,1200,92,15,B,0,0,8400,6892,1216,1
365,139,18000,ranni,668,3,1500,92,18,B,0,0,16500,15780,0,0
366,139,10800,ranni,668,2,1200,89,26,D,0,0,9600,7769,1215,1
367,140,7200,odpoledni,661,3,1500,89,9,D,0,0,5700,5412,0,0
368,140,7200,odpoledni,661,1,900,89,32,A,0,0,6300,5902,288,0
369,140,7200,odpoledni,661,3,1500,89,18,D,0,0,5700,5412,938.000000000001,0
370,140,7200,odpoledni,661,1,900,86,19,B,0,0,6300,4865,1226,1
371,141,28800,ranni,968,3,1500,85,8,C,1,1200,26100,25217,0,1
372,142,8400,odpoledni,736,3,1500,85,12,A,0,0,6900,6702,0,0
373,142,7200,odpoledni,736,2,1200,85,15,B,0,0,6000,5780,474.000000000001,0
374,142,8400,odpoledni,736,1,900,85,40,C,0,0,7500,7405,994.000000000001,0
375,142,4800,odpoledni,736,1,900,82,34,A,0,0,3900,2332,1314,1
376,143,28800,ranni,968,3,1500,79,37,C,0,0,27300,26421,0,1
377,144,14400,odpoledni,736,3,1500,79,14,C,0,0,12900,12711,0,0
378,144,6000,odpoledni,736,1,900,79,7,C,0,0,5100,5029,189,0
379,144,2400,odpoledni,736,1,900,79,22,B,0,0,1500,1435,260,0
380,144,6000,odpoledni,736,1,900,77,19,C,0,0,5100,4629,400,1
381,145,12000,ranni,968,2,1200,77,23,C,0,0,10800,10436,0,0
382,145,6000,ranni,968,1,900,77,34,C,0,0,5100,4927,688.000000000001,0
383,145,6000,ranni,968,1,900,77,13,D,0,0,5100,4876,1014,0
384,145,4800,ranni,968,1,900,74,18,D,0,0,3900,2486,1238,1
385,146,12000,odpoledni,736,3,1500,74,17,D,0,0,10500,10020,0,0
386,146,16800,odpoledni,736,3,1500,71,35,D,0,0,15300,13785,690.000000000001,1
387,147,8400,ranni,968,1,900,71,32,A,0,0,7500,7180,0,0
388,147,7200,ranni,968,3,1500,71,5,D,0,0,5700,5412,620.000000000001,0
389,147,6000,ranni,968,1,900,71,16,D,0,0,5100,4876,908.000000000001,0
390,147,7200,ranni,968,2,1200,69,36,C,0,0,6000,4648,1132,1
391,148,6000,odpoledni,736,1,900,69,31,A,0,0,5100,4774,0,0
392,148,22800,odpoledni,736,2,1200,68,11,B,0,0,21600,20382,530,1
393,149,7200,ranni,968,2,1200,68,14,D,0,0,6000,5720,0,0
394,149,7200,ranni,968,3,1500,68,16,A,0,0,5700,5583,280,0
395,149,7200,ranni,968,1,900,68,16,C,0,0,6300,6091,511,0
396,149,7200,ranni,968,2,1200,66,9,D,0,0,6000,4811,909,1
397,150,13200,odpoledni,736,2,1200,66,18,B,0,0,12000,11600,0,0
398,150,8400,odpoledni,736,1,900,66,13,A,0,0,7500,7330,1000,0
399,150,3600,odpoledni,736,1,900,66,30,D,0,0,2700,2545,1470,0
400,150,3600,odpoledni,736,1,900,65,6,D,0,0,2700,785,1787,1
401,151,28800,ranni,661,1,900,62,23,C,1,1200,26700,26106,0,1
402,152,9600,odpoledni,668,3,1500,62,8,D,0,0,8100,7716,0,0
403,152,8400,odpoledni,668,1,900,62,14,A,0,0,7500,7330,384,0
404,152,7200,odpoledni,668,1,900,62,9,A,0,0,6300,6154,704,0
405,152,3600,odpoledni,668,1,900,59,24,C,0,0,2700,1623,976,1
406,153,10800,ranni,661,3,1500,59,6,B,0,0,9300,9240,0,0
407,153,10800,ranni,661,1,900,59,34,D,0,0,9900,9484,339.000000000001,0
408,153,7200,ranni,661,3,1500,57,30,A,0,0,5700,4219,1250,1
409,154,13200,odpoledni,668,1,900,57,35,D,0,0,12300,11542,0,0
410,154,15600,odpoledni,668,1,900,55,5,C,0,0,14700,12866,1373,1
411,155,13200,ranni,661,1,900,55,17,A,0,0,12300,12034,0,0
412,155,7200,ranni,661,3,1500,55,37,A,0,0,5700,5469,512.000000000001,0
413,155,8400,ranni,661,2,1200,53,15,B,0,0,7200,6045,971.000000000001,1
414,156,2400,odpoledni,668,1,900,53,13,A,0,0,1500,1450,0,0
415,156,12000,odpoledni,668,2,1200,53,11,D,0,0,10800,10328,80.0000000000001,0
416,156,6000,odpoledni,668,1,900,53,40,C,0,0,5100,4927,552,0
417,156,8400,odpoledni,668,3,1500,51,16,A,0,0,6900,5824,878.000000000001,1
418,157,28800,ranni,661,3,1500,49,17,C,0,0,27300,26694,0,1
419,158,10800,odpoledni,668,2,1200,49,18,A,0,0,9600,9368,0,0
420,158,4800,odpoledni,668,1,900,49,13,A,0,0,3900,3802,424,0
421,158,6000,odpoledni,668,1,900,49,27,C,0,0,5100,4927,600,0
422,158,7200,odpoledni,668,2,1200,46,9,A,0,0,6000,4914,926,1
423,159,28800,ranni,661,1,900,44,10,D,0,0,27900,27322,0,1
424,160,28800,odpoledni,668,1,900,41,15,D,0,0,27900,26764,0,1
425,161,4800,ranni,736,1,900,41,5,A,1,1200,2700,2613,0,0
426,161,12000,ranni,736,3,1500,41,13,D,0,0,10500,10230,141,0
427,161,4800,ranni,736,1,900,41,12,D,0,0,3900,3802,621,0
428,161,7200,ranni,736,2,1200,38,16,B,0,0,6000,5043,797,1
429,162,28800,odpoledni,968,1,900,37,10,D,0,0,27900,26764,0,1
430,163,28800,ranni,736,1,900,34,16,B,0,0,27900,27322,0,1
431,164,3600,odpoledni,968,1,900,34,40,A,0,0,2700,2437,0,0
432,164,14400,odpoledni,968,2,1200,34,13,A,0,0,13200,12896,371,0
433,164,7200,odpoledni,968,1,900,34,7,B,0,0,6300,6280,938.999999999999,0
434,164,3600,odpoledni,968,1,900,31,12,D,0,0,2700,1424,1148,1
435,165,28800,ranni,736,2,1200,29,7,B,0,0,27600,27560,0,1
436,166,7200,odpoledni,968,2,1200,29,30,D,0,0,6000,5540,0,0
437,166,3600,odpoledni,968,1,900,29,19,C,0,0,2700,2599,760,0
438,166,8400,odpoledni,968,2,1200,29,12,C,0,0,7200,6944,942,0
439,166,9600,odpoledni,968,1,900,27,9,B,0,0,8700,7482,1198,1
440,167,7200,ranni,736,1,900,27,12,A,0,0,6300,6217,0,0
441,167,7200,ranni,736,1,900,27,7,D,0,0,6300,6154,209,0
442,167,14400,ranni,736,2,1200,24,16,C,0,0,13200,12541,355,1
443,168,3600,odpoledni,968,1,900,24,7,A,0,0,2700,2626,0,0
444,168,10800,odpoledni,968,1,900,24,6,A,0,0,9900,9682,128,0
445,168,7200,odpoledni,968,2,1200,24,13,A,0,0,6000,5840,543.999999999999,0
446,168,7200,odpoledni,968,2,1200,22,19,B,0,0,6000,4836,823.999999999999,1
447,169,28800,ranni,736,1,900,21,6,D,0,0,27900,27322,0,1
448,170,14400,odpoledni,968,1,900,21,17,C,0,0,13500,13075,0,0
449,170,14400,odpoledni,968,3,1500,20,5,D,0,0,12900,11494,830.000000000001,1
450,171,7200,ranni,668,1,900,20,15,B,1,1200,5100,4836,0,0
451,171,7200,ranni,668,2,1200,20,29,A,0,0,6000,5540,417,0
452,171,3600,ranni,668,1,900,20,29,D,0,0,2700,2518,997,0
453,171,10800,ranni,668,3,1500,17,12,A,0,0,9300,7740,1314,1
454,172,28800,odpoledni,661,2,1200,14,19,D,0,0,27600,26180,0,1
455,173,10800,ranni,668,3,1500,14,12,B,0,0,9300,8868,0,0
456,173,4800,ranni,668,1,900,14,39,C,0,0,3900,3763,711.000000000001,0
457,173,6000,ranni,668,1,900,14,40,B,0,0,5100,4876,965.000000000001,0
458,173,7200,ranni,668,2,1200,11,13,D,0,0,6000,4216,1444,1
459,174,7200,odpoledni,661,2,1200,11,13,C,0,0,6000,5900,0,0
460,174,7200,odpoledni,661,3,1500,11,9,B,0,0,5700,5640,100,0
461,174,7200,odpoledni,661,1,900,11,17,A,0,0,6300,6154,331,0
462,174,7200,odpoledni,661,1,900,10,16,D,0,0,6300,5425,603.000000000001,1
463,175,7200,ranni,668,1,900,10,38,B,0,0,6300,6028,0,0
464,175,9600,ranni,668,2,1200,10,30,A,0,0,8400,7772,587,0
465,175,7200,ranni,668,3,1500,10,9,A,0,0,5700,5526,1383,0
466,175,4800,ranni,668,1,900,9,27,A,0,0,3900,1936,1671,1
467,176,2400,odpoledni,661,1,900,9,8,C,0,0,1500,1465,0,0
468,176,12000,odpoledni,661,3,1500,9,19,D,0,0,10500,9915,35,0
469,176,6000,odpoledni,661,1,900,9,41,D,0,0,5100,4825,620,0
470,176,8400,odpoledni,661,2,1200,7,18,A,0,0,7200,5866,1150,1
471,177,14400,ranni,668,3,1500,7,19,B,0,0,12900,12324,0,0
472,177,14400,ranni,668,2,1200,5,10,A,0,0,13200,11933,963.000000000001,1
473,178,7200,odpoledni,661,2,1200,5,7,B,0,0,6000,5960,0,0
474,178,3600,odpoledni,661,1,900,5,15,D,0,0,2700,2572,220,0
475,178,10800,odpoledni,661,3,1500,5,13,D,0,0,9300,8868,348,0
476,178,7200,odpoledni,661,3,1500,4,18,C,0,0,5700,4803,780,1
477,179,13200,ranni,668,1,900,96,9,A,0,0,12300,12034,0,0
478,179,6000,ranni,668,1,900,96,6,C,0,0,5100,4927,512,0
479,179,9600,ranni,668,1,900,93,15,D,0,0,8700,7560,685,1
480,180,28800,odpoledni,661,2,1200,90,19,A,0,0,27600,27008,0,1
481,181,18000,ranni,968,2,1200,90,13,D,1,1200,15600,14896,0,0
482,181,10800,ranni,968,3,1500,87,14,C,0,0,9300,8257,704,1
483,182,4800,odpoledni,736,1,900,87,32,B,0,0,3900,3763,0,0
484,182,4800,odpoledni,736,1,900,87,7,B,0,0,3900,3880,332,0
485,182,12000,odpoledni,736,2,1200,87,14,C,0,0,10800,10652,547,0
486,182,7200,odpoledni,736,1,900,84,18,D,0,0,6300,5270,695,1
487,183,6000,ranni,968,1,900,84,24,C,0,0,5100,4927,0,0
488,183,12000,ranni,968,2,1200,84,40,D,0,0,10800,10112,326,0
489,183,3600,ranni,968,1,900,84,18,A,0,0,2700,2653,1554,0
490,183,7200,ranni,968,3,1500,83,12,B,0,0,5700,3985,1655,1
491,184,14400,odpoledni,736,2,1200,83,15,C,0,0,13200,13028,0,0
492,184,2400,odpoledni,736,1,900,83,12,B,0,0,1500,1435,172,0
493,184,7200,odpoledni,736,1,900,83,7,D,0,0,6300,6028,312,0
494,184,4800,odpoledni,736,1,900,82,21,A,0,0,3900,3092,710,1
495,185,8400,ranni,968,3,1500,82,18,D,0,0,6900,6564,0,0
496,185,8400,ranni,968,3,1500,82,13,D,0,0,6900,6564,336,0
497,185,7200,ranni,968,1,900,82,17,B,0,0,6300,6028,672,0
498,185,4800,ranni,968,1,900,80,5,C,0,0,3900,2630,1133,1
499,186,28800,odpoledni,736,1,900,77,14,B,0,0,27900,27043,0,1
500,187,4800,ranni,968,1,900,77,9,A,0,0,3900,3841,0,0
501,187,14400,ranni,968,3,1500,77,10,C,0,0,12900,12453,137,0
502,187,4800,ranni,968,1,900,77,19,A,0,0,3900,3841,584,0
503,187,4800,ranni,968,1,900,74,16,B,0,0,3900,3003,721,1
504,188,10800,odpoledni,736,3,1500,74,20,D,0,0,9300,8775,0,0
505,188,18000,odpoledni,736,3,1500,73,17,D,0,0,16500,14697,1083,1
506,189,14400,ranni,968,1,900,73,5,D,0,0,13500,12940,0,0
507,189,14400,ranni,968,1,900,72,7,C,0,0,13500,12515,560,1
508,190,8400,odpoledni,736,1,900,72,10,D,0,0,7500,7180,0,0
509,190,6000,odpoledni,736,1,900,72,27,A,0,0,5100,4774,470,0
510,190,7200,odpoledni,736,1,900,72,15,D,0,0,6300,6028,1000,0
511,190,7200,odpoledni,736,2,1200,71,11,D,0,0,6000,4322,1398,1
512,191,12000,ranni,661,1,900,71,35,D,1,1200,9900,9444,0,0
513,191,16800,ranni,661,3,1500,68,23,C,0,0,15300,13983,951,1
514,192,7200,odpoledni,668,2,1200,68,33,C,0,0,6000,5780,0,0
515,192,3600,odpoledni,668,1,900,68,13,C,0,0,2700,2599,400,0
516,192,9600,odpoledni,668,3,1500,68,14,B,0,0,8100,7635,501,0
517,192,8400,odpoledni,668,2,1200,65,13,A,0,0,7200,5807,1209,1
518,193,28800,ranni,661,3,1500,64,38,A,0,0,27300,26421,0,1
519,194,8400,odpoledni,668,3,1500,64,15,A,0,0,6900,6702,0,0
520,194,2400,odpoledni,668,1,900,64,11,C,0,0,1500,1435,336,0
521,194,10800,odpoledni,668,3,1500,64,6,D,0,0,9300,8868,401,0
522,194,7200,odpoledni,668,3,1500,62,19,C,0,0,5700,4636,833,1
523,195,28800,ranni,661,2,1200,61,33,D,0,0,27600,26456,0,1
524,196,28800,odpoledni,668,3,1500,58,21,B,0,0,27300,25875,0,1
525,197,28800,ranni,661,2,1200,56,28,B,0,0,27600,27008,0,1
526,198,3600,odpoledni,668,1,900,56,19,D,0,0,2700,2518,0,0
527,198,10800,odpoledni,668,2,1200,56,29,D,0,0,9600,8984,182,0
528,198,3600,odpoledni,668,1,900,56,6,D,0,0,2700,2572,1278,0
529,198,10800,odpoledni,668,3,1500,55,7,D,0,0,9300,7462,1406,1
530,199,14400,ranni,661,2,1200,55,9,C,0,0,13200,12896,0,0
531,199,7200,ranni,661,1,900,55,17,C,0,0,6300,6154,304,0
532,199,7200,ranni,661,3,1500,54,19,B,0,0,5700,4887,639,1
533,200,6000,odpoledni,668,1,900,54,11,B,0,0,5100,4825,0,0
534,200,12000,odpoledni,668,1,900,54,19,C,0,0,11100,10747,428,0
535,200,3600,odpoledni,668,1,900,54,21,D,0,0,2700,2518,1114,0
536,200,7200,odpoledni,668,1,900,53,17,A,0,0,6300,4723,1431,1
537,201,28800,ranni,736,2,1200,50,17,B,1,1200,26400,25792,0,1
538,202,14400,odpoledni,968,1,900,50,15,C,0,0,13500,13075,0,0
539,202,14400,odpoledni,968,1,900,47,15,D,0,0,13500,12515,425,1
540,203,28800,ranni,736,2,1200,44,14,A,0,0,27600,27284,0,1
541,204,10800,odpoledni,968,1,900,44,14,C,0,0,9900,9583,0,0
542,204,6000,odpoledni,968,1,900,44,40,A,0,0,5100,4621,317,0
543,204,4800,odpoledni,968,1,900,44,32,B,0,0,3900,3685,1000,0
544,204,7200,odpoledni,968,3,1500,41,36,A,0,0,5700,3717,1410,1
545,205,10800,ranni,736,3,1500,41,6,C,0,0,9300,9054,0,0
546,205,7200,ranni,736,2,1200,41,24,C,0,0,6000,5840,246,0
547,205,3600,ranni,736,1,900,41,17,D,0,0,2700,2626,586.000000000001,0
548,205,7200,ranni,736,2,1200,40,9,D,0,0,6000,5126,714,1
549,206,4800,odpoledni,968,1,900,40,9,A,0,0,3900,3802,0,0
550,206,10800,odpoledni,968,3,1500,40,18,D,0,0,9300,8868,176,0
551,206,6000,odpoledni,968,1,900,40,10,D,0,0,5100,4876,608,0
552,206,7200,odpoledni,968,2,1200,38,13,B,0,0,6000,4828,832,1
553,207,28800,ranni,736,2,1200,37,14,D,0,0,27600,27008,0,1
554,208,28800,odpoledni,968,3,1500,34,10,A,0,0,27300,26694,0,1
555,209,4800,ranni,736,1,900,34,40,D,0,0,3900,3724,0,0
556,209,7200,ranni,736,3,1500,34,18,D,0,0,5700,5412,254,0
557,209,9600,ranni,736,1,900,34,6,D,0,0,8700,8506,656,0
558,209,7200,ranni,736,1,900,33,8,A,0,0,6300,5367,850,1
559,210,15600,odpoledni,968,1,900,33,26,C,0,0,14700,14239,0,0
560,210,13200,odpoledni,968,1,900,32,19,A,0,0,12300,11132,902.000000000001,1
561,211,7200,ranni,668,3,1500,32,8,B,1,1200,4500,4400,0,0
562,211,21600,ranni,668,3,1500,31,23,B,0,0,20100,19001,235,1
563,212,28800,odpoledni,661,3,1500,29,5,D,0,0,27300,26148,0,1
564,213,28800,ranni,668,2,1200,28,17,D,0,0,27600,26180,0,1
565,214,4800,odpoledni,661,1,900,28,19,C,0,0,3900,3841,0,0
566,214,3600,odpoledni,661,1,900,28,10,D,0,0,2700,2572,176,0
567,214,13200,odpoledni,661,2,1200,28,8,D,0,0,12000,11480,304,0
568,214,7200,odpoledni,661,1,900,26,32,B,0,0,6300,5267,824,1
569,215,9600,ranni,668,1,900,26,17,C,0,0,8700,8419,0,0
570,215,12000,ranni,668,2,1200,26,5,A,0,0,10800,10544,542.000000000001,0
571,215,7200,ranni,668,2,1200,24,15,A,0,0,6000,4826,1014,1
572,216,10800,odpoledni,661,3,1500,24,10,A,0,0,9300,9054,0,0
573,216,18000,odpoledni,661,3,1500,21,12,D,0,0,16500,15348,432,1
574,217,8400,ranni,668,1,900,21,6,C,0,0,7500,7255,0,0
575,217,8400,ranni,668,1,900,21,15,A,0,0,7500,7330,245,0
576,217,12000,ranni,668,3,1500,19,22,C,0,0,10500,9560,564.999999999999,1
577,218,28800,odpoledni,661,2,1200,18,8,D,0,0,27600,26456,0,1
578,219,10800,ranni,668,1,900,18,17,A,0,0,9900,9682,0,0
579,219,10800,ranni,668,1,900,18,20,D,0,0,9900,9286,415.999999999999,0
580,219,7200,ranni,668,1,900,17,18,D,0,0,6300,4440,1525,1
581,220,18000,odpoledni,661,1,900,17,16,D,0,0,17100,16396,0,0
582,220,10800,odpoledni,661,1,900,16,18,A,0,0,9900,8978,704,1
583,221,4800,ranni,968,1,900,16,16,C,1,1200,2700,2559,0,0
584,221,4800,ranni,968,1,900,16,10,A,0,0,3900,3841,222,0
585,221,4800,ranni,968,1,900,16,16,C,0,0,3900,3763,359,0
586,221,14400,ranni,968,2,1200,13,32,B,0,0,13200,12019,613,1
587,222,28800,odpoledni,736,2,1200,12,24,A,0,0,27600,27008,0,1
588,223,28800,ranni,968,3,1500,11,27,A,0,0,27300,26148,0,1
589,224,7200,odpoledni,736,1,900,11,18,C,0,0,6300,6217,0,0
590,224,4800,odpoledni,736,1,900,11,15,D,0,0,3900,3724,272,0
591,224,4800,odpoledni,736,1,900,11,23,C,0,0,3900,3841,526,0
592,224,12000,odpoledni,736,3,1500,9,15,C,0,0,10500,9633,702.000000000001,1
593,225,28800,ranni,968,1,900,98,24,D,0,0,27900,26206,0,1
594,226,28800,odpoledni,736,2,1200,96,30,D,0,0,27600,26180,0,1
595,227,28800,ranni,968,1,900,93,18,B,0,0,27900,26764,0,1
596,228,10800,odpoledni,736,1,900,93,16,B,0,0,9900,9583,0,0
597,228,7200,odpoledni,736,1,900,93,7,D,0,0,6300,6028,812.000000000001,0
598,228,6000,odpoledni,736,1,900,93,18,A,0,0,5100,4978,1210,0
599,228,4800,odpoledni,736,1,900,90,23,B,0,0,3900,2227,1536,1
600,229,8400,ranni,968,1,900,90,8,C,0,0,7500,7255,0,0
601,229,8400,ranni,968,3,1500,90,33,D,0,0,6900,6426,245,0
602,229,4800,ranni,968,1,900,90,8,D,0,0,3900,3724,1064,0
603,229,7200,ranni,968,3,1500,87,17,B,0,0,5700,4172,1240,1
604,230,6000,odpoledni,736,1,900,87,14,A,0,0,5100,4978,0,0
605,230,9600,odpoledni,736,3,1500,87,16,C,0,0,8100,7959,326,0
606,230,7200,odpoledni,736,1,900,87,13,C,0,0,6300,6217,710,0
607,230,6000,odpoledni,736,1,900,86,18,D,0,0,5100,4032,793,1
608,231,28800,ranni,661,1,900,84,13,D,1,1200,26700,26106,0,1
609,232,8400,odpoledni,668,2,1200,84,34,B,0,0,7200,6800,0,0
610,232,8400,odpoledni,668,1,900,84,22,B,0,0,7500,7105,760,0
611,232,3600,odpoledni,668,1,900,84,16,C,0,0,2700,2599,1380,0
612,232,8400,odpoledni,668,1,900,82,26,D,0,0,7500,5468,1562,1
613,233,28800,ranni,661,3,1500,81,16,D,0,0,27300,26694,0,1
614,234,28800,odpoledni,668,3,1500,78,14,C,0,0,27300,26421,0,1
615,235,16800,ranni,661,2,1200,78,28,C,0,0,15600,15248,0,0
616,235,12000,ranni,661,3,1500,75,17,D,0,0,10500,9410,820.000000000001,1
617,236,28800,odpoledni,668,2,1200,73,28,B,0,0,27600,26180,0,1
618,237,12000,ranni,661,3,1500,73,42,C,0,0,10500,10230,0,0
619,237,4800,ranni,661,1,900,73,14,A,0,0,3900,3802,585.000000000001,0
620,237,7200,ranni,661,2,1200,73,11,C,0,0,6000,5840,761.000000000001,0
621,237,4800,ranni,661,1,900,70,37,B,0,0,3900,2881,921,1
622,238,12000,odpoledni,668,2,1200,70,11,A,0,0,10800,10544,0,0
623,238,3600,odpoledni,668,1,900,70,37,D,0,0,2700,2518,471.999999999999,0
624,238,6000,odpoledni,668,1,900,70,18,D,0,0,5100,4876,788.999999999999,0
625,238,7200,odpoledni,668,3,1500,69,16,D,0,0,5700,4399,1013,1
626,239,10800,ranni,661,1,900,69,18,D,0,0,9900,9682,0,0
627,239,7200,ranni,661,3,1500,69,24,A,0,0,5700,5526,218,0
628,239,3600,ranni,661,1,900,69,42,D,0,0,2700,2572,506,0
629,239,7200,ranni,661,1,900,68,12,A,0,0,6300,5385,769,1
630,240,28800,odpoledni,668,3,1500,67,18,B,0,0,27300,25875,0,1
631,241,6000,ranni,736,1,900,67,15,D,0,0,5100,4978,0,0
632,241,12000,ranni,736,2,1200,67,18,D,1,1200,9600,9136,224,0
633,241,10800,ranni,736,2,1200,65,41,D,0,0,9600,8296,880,1
634,242,28800,odpoledni,968,3,1500,62,15,A,0,0,27300,26694,0,1
635,243,2400,ranni,736,1,900,62,19,B,0,0,1500,1450,0,0
636,243,10800,ranni,736,1,900,62,42,D,0,0,9900,9484,125,0
637,243,4800,ranni,736,1,900,62,19,A,0,0,3900,3841,739.000000000001,0
638,243,10800,ranni,736,1,900,60,20,B,0,0,9900,8806,876.000000000001,1
639,244,7200,odpoledni,968,1,900,60,33,C,0,0,6300,6091,0,0
640,244,7200,odpoledni,968,3,1500,60,17,B,0,0,5700,5355,398,0
641,244,7200,odpoledni,968,3,1500,60,13,D,0,0,5700,5412,914.000000000001,0
642,244,7200,odpoledni,968,2,1200,57,17,B,0,0,6000,4458,1202,1
643,245,9600,ranni,736,2,1200,57,5,C,0,0,8400,8192,0,0
644,245,4800,ranni,736,1,900,57,17,B,0,0,3900,3802,208,0
645,245,4800,ranni,736,1,900,57,18,C,0,0,3900,3802,501,0
646,245,9600,ranni,736,3,1500,54,5,D,0,0,8100,7162,716,1
647,246,9600,odpoledni,968,2,1200,54,15,B,0,0,8400,7940,0,0
648,246,7200,odpoledni,968,3,1500,54,10,A,0,0,5700,5526,712.000000000001,0
649,246,2400,odpoledni,968,1,900,54,38,D,0,0,1500,1375,1000,0
650,246,9600,odpoledni,968,2,1200,51,19,D,0,0,8400,6824,1200,1
651,247,7200,ranni,736,2,1200,51,18,A,0,0,6000,5900,0,0
652,247,7200,ranni,736,1,900,51,31,C,0,0,6300,6154,220,0
653,247,7200,ranni,736,2,1200,51,16,A,0,0,6000,5900,555,0
654,247,7200,ranni,736,1,900,49,18,A,0,0,6300,5442,775,1
655,248,7200,odpoledni,968,2,1200,49,25,A,0,0,6000,5840,0,0
656,248,10800,odpoledni,968,3,1500,49,16,C,0,0,9300,8961,280,0
657,248,10800,odpoledni,968,3,1500,46,7,B,0,0,9300,8342,898.000000000001,1
658,249,28800,ranni,736,1,900,43,33,D,0,0,27900,26764,0,1
659,250,16800,odpoledni,968,3,1500,43,19,C,0,0,15300,14781,0,0
660,250,12000,odpoledni,968,2,1200,41,15,C,0,0,10800,9458,978.000000000001,1
661,251,15600,ranni,668,2,1200,41,11,A,1,1200,13200,12856,0,0
662,251,13200,ranni,668,3,1500,39,35,C,0,0,11700,10681,607.999999999999,1
663,252,13200,odpoledni,661,1,900,39,18,C,0,0,12300,12157,0,0
664,252,8400,odpoledni,661,1,900,39,17,B,0,0,7500,7255,511.999999999999,0
665,252,3600,odpoledni,661,1,900,39,18,B,0,0,2700,2599,982,0
666,252,3600,odpoledni,661,1,900,38,8,B,0,0,2700,1516,1164,1
667,253,28800,ranni,668,1,900,35,29,A,0,0,27900,25927,0,1
668,254,6000,odpoledni,661,1,900,35,29,C,0,0,5100,5029,0,0
669,254,7200,odpoledni,661,2,1200,35,6,C,0,0,6000,5900,224,0
670,254,3600,odpoledni,661,1,900,35,17,B,0,0,2700,2599,324,0
671,254,12000,odpoledni,661,3,1500,32,18,D,0,0,10500,9514,506.000000000001,1
672,255,8400,ranni,668,1,900,32,18,D,0,0,7500,7105,0,0
673,255,6000,ranni,668,1,900,32,19,A,0,0,5100,4978,395,0
674,255,14400,ranni,668,2,1200,30,15,B,0,0,13200,12013,619,1
675,256,14400,odpoledni,661,1,900,30,42,B,0,0,13500,13075,0,0
676,256,3600,odpoledni,661,1,900,30,13,D,0,0,2700,2572,1100,0
677,256,10800,odpoledni,661,3,1500,29,7,D,0,0,9300,7640,1228,1
678,257,10800,ranni,668,1,900,29,17,B,0,0,9900,9484,0,0
679,257,7200,ranni,668,2,1200,29,13,A,0,0,6000,5840,713.000000000001,0
680,257,3600,ranni,668,1,900,29,23,B,0,0,2700,2572,993,0
681,257,7200,ranni,668,2,1200,27,18,D,0,0,6000,4458,1202,1
682,258,4800,odpoledni,661,1,900,27,13,C,0,0,3900,3841,0,0
683,258,13200,odpoledni,661,1,900,27,14,D,0,0,12300,11788,59,0
684,258,3600,odpoledni,661,1,900,27,18,A,0,0,2700,2626,571,0
685,258,7200,odpoledni,661,2,1200,26,24,A,0,0,6000,5141,699,1
686,259,28800,ranni,668,1,900,24,35,C,0,0,27900,27043,0,1
687,260,10800,odpoledni,661,3,1500,24,14,C,0,0,9300,9147,0,0
688,260,8400,odpoledni,661,2,1200,24,41,C,0,0,7200,7088,153,0
689,260,4800,odpoledni,661,1,900,24,19,B,0,0,3900,3763,481.000000000001,0
690,260,4800,odpoledni,661,1,900,22,30,B,0,0,3900,3028,735.000000000001,1
691,261,4800,ranni,968,1,900,22,21,B,1,1200,2700,2532,0,0
692,261,3600,ranni,968,1,900,22,18,C,0,0,2700,2599,249,0
693,261,9600,ranni,968,2,1200,22,37,B,0,0,8400,8024,431,0
694,261,10800,ranni,968,2,1200,19,5,C,0,0,9600,8045,1227,1
695,262,7200,odpoledni,736,3,1500,19,17,B,0,0,5700,5469,0,0
696,262,21600,odpoledni,736,1,900,16,16,D,0,0,20700,19336,516.000000000001,1
697,263,9600,ranni,968,1,900,16,35,D,0,0,8700,8158,0,0
698,263,12000,ranni,968,1,900,16,16,C,0,0,11100,10747,977,0
699,263,3600,ranni,968,1,900,16,13,B,0,0,2700,2572,1663,0
700,263,3600,ranni,968,1,900,13,19,C,0,0,2700,726.999999999999,1872,1
701,264,28800,odpoledni,736,2,1200,11,23,C,0,0,27600,27284,0,1
702,265,7200,ranni,968,2,1200,11,16,D,0,0,6000,5720,0,0
703,265,10800,ranni,968,1,900,11,11,B,0,0,9900,9880,280,0
704,265,6000,ranni,968,1,900,11,22,D,0,0,5100,4774,597,0
705,265,4800,ranni,968,1,900,9,13,D,0,0,3900,2546,1178,1
706,266,18000,odpoledni,736,1,900,9,18,B,0,0,17100,16567,0,0
707,266,10800,odpoledni,736,2,1200,8,5,C,0,0,9600,8076,1388,1
708,267,3600,ranni,968,1,900,8,10,C,0,0,2700,2599,0,0
709,267,10800,ranni,968,3,1500,8,19,B,0,0,9300,8868,101,0
710,267,7200,ranni,968,2,1200,8,14,B,0,0,6000,5720,812,0
711,267,7200,ranni,968,2,1200,7,18,B,0,0,6000,4448,1272,1
712,268,10800,odpoledni,736,1,900,7,29,A,0,0,9900,9286,0,0
713,268,7200,odpoledni,736,1,900,7,14,C,0,0,6300,6217,1010,0
714,268,7200,odpoledni,736,2,1200,7,7,C,0,0,6000,5900,1093,0
715,268,3600,odpoledni,736,1,900,6,5,D,0,0,2700,1379,1193,1
716,269,14400,ranni,968,2,1200,6,26,B,0,0,13200,12632,0,0
717,269,14400,ranni,968,1,900,6,13,D,0,0,13500,11712,1228,1
718,270,7200,odpoledni,736,1,900,5,10,A,0,0,6300,6154,0,0
719,270,7200,odpoledni,736,3,1500,5,18,B,0,0,5700,5469,272,0
720,270,7200,odpoledni,736,1,900,5,10,A,0,0,6300,6154,788,0
721,270,7200,odpoledni,736,1,900,4,25,A,0,0,6300,4842,1060,1
722,271,9600,ranni,661,2,1200,98,34,D,1,1200,7200,6832,0,0
723,271,8400,ranni,661,3,1500,98,13,A,0,0,6900,6702,728,0
724,271,10800,ranni,661,2,1200,95,17,A,0,0,9600,8304,1064,1
725,272,6000,odpoledni,668,1,900,95,9,B,0,0,5100,5080,0,0
726,272,12000,odpoledni,668,2,1200,95,18,C,0,0,10800,10436,173,0
727,272,10800,odpoledni,668,1,900,92,35,C,0,0,9900,8722,861.000000000001,1
728,273,28800,ranni,661,2,1200,91,39,D,0,0,27600,26456,0,1
729,274,7200,odpoledni,668,3,1500,91,10,D,0,0,5700,5412,0,0
730,274,12000,odpoledni,668,2,1200,91,19,C,0,0,10800,10436,288,0
731,274,4800,odpoledni,668,1,900,91,17,C,0,0,3900,3763,976.000000000001,0
732,274,4800,odpoledni,668,1,900,89,14,A,0,0,3900,2572,1230,1
733,275,7200,ranni,661,1,900,89,14,D,0,0,6300,6154,0,0
734,275,7200,ranni,661,3,1500,89,23,B,0,0,5700,5526,146,0
735,275,7200,ranni,661,2,1200,89,13,A,0,0,6000,5840,491,0
736,275,7200,ranni,661,1,900,86,18,D,0,0,6300,5383,771,1
737,276,14400,odpoledni,668,3,1500,86,7,A,0,0,12900,12582,0,0
738,276,14400,odpoledni,668,2,1200,85,36,B,0,0,13200,11924,576.000000000001,1
739,277,14400,ranni,661,3,1500,85,6,C,0,0,12900,12582,0,0
740,277,7200,ranni,661,1,900,85,7,A,0,0,6300,6154,318,0
741,277,7200,ranni,661,3,1500,82,11,D,0,0,5700,4936,590,1
742,278,4800,odpoledni,668,1,900,82,10,A,0,0,3900,3802,0,0
743,278,9600,odpoledni,668,2,1200,82,5,A,0,0,8400,8192,176,0
744,278,3600,odpoledni,668,1,900,82,8,A,0,0,2700,2626,552,0
745,278,10800,odpoledni,668,3,1500,81,40,C,0,0,9300,8281,680,1
746,279,18000,ranni,661,1,900,81,32,A,0,0,17100,16567,0,0
747,279,10800,ranni,661,3,1500,80,39,B,0,0,9300,7837,1217,1
748,280,18000,odpoledni,668,3,1500,80,30,C,0,0,16500,15945,0,0
749,280,10800,odpoledni,668,3,1500,78,7,A,0,0,9300,8004,1050,1
750,281,28800,ranni,736,1,900,75,16,D,1,1200,26700,26106,0,1
751,282,28800,odpoledni,968,1,900,74,42,D,0,0,27900,25927,0,1
752,283,8400,ranni,736,2,1200,74,10,B,0,0,7200,7160,0,0
753,283,7200,ranni,736,1,900,74,13,A,0,0,6300,6217,256,0
754,283,6000,ranni,736,1,900,74,8,B,0,0,5100,5080,465,0
755,283,7200,ranni,736,2,1200,72,15,B,0,0,6000,5202,638,1
756,284,18000,odpoledni,968,1,900,72,11,A,0,0,17100,16738,0,0
757,284,10800,odpoledni,968,3,1500,70,15,C,0,0,9300,8257,703.999999999999,1
758,285,28800,ranni,736,2,1200,69,12,B,0,0,27600,27008,0,1
759,286,10800,odpoledni,968,2,1200,69,12,B,0,0,9600,9560,0,0
760,286,7200,odpoledni,968,3,1500,69,9,A,0,0,5700,5526,328,0
761,286,6000,odpoledni,968,1,900,69,12,A,0,0,5100,4978,616,0
762,286,4800,odpoledni,968,1,900,67,15,B,0,0,3900,2845,840,1
763,287,28800,ranni,736,1,900,66,19,A,0,0,27900,27601,0,1
764,288,10800,odpoledni,968,1,900,66,17,A,0,0,9900,9682,0,0
765,288,7200,odpoledni,968,3,1500,66,14,A,0,0,5700,5526,415.999999999999,0
766,288,10800,odpoledni,968,1,900,65,12,B,0,0,9900,9176,704,1
767,289,9600,ranni,736,3,1500,65,11,B,0,0,8100,7878,0,0
768,289,6000,ranni,736,1,900,65,9,D,0,0,5100,4978,465.000000000001,0
769,289,9600,ranni,736,3,1500,65,19,D,0,0,8100,7716,587.000000000001,0
770,289,3600,ranni,736,1,900,62,15,C,0,0,2700,1493,1133,1
771,290,13200,odpoledni,968,3,1500,62,28,A,0,0,11700,10587,0,0
772,290,15600,odpoledni,968,2,1200,60,17,C,0,0,14400,12581,1347,1
773,291,2400,ranni,668,1,900,60,8,A,1,1200,300,234,0,0
774,291,10800,ranni,668,3,1500,60,39,D,0,0,9300,8682,72,0
775,291,6000,ranni,668,1,900,60,18,C,0,0,5100,4927,1155,0
776,291,9600,ranni,668,2,1200,58,19,B,0,0,8400,6543,1481,1
777,292,7200,odpoledni,661,1,900,58,42,A,0,0,6300,5902,0,0
778,292,8400,odpoledni,661,2,1200,58,7,D,0,0,7200,6872,650.000000000001,0
779,292,6000,odpoledni,661,1,900,58,37,B,0,0,5100,4927,978.000000000001,0
780,292,7200,odpoledni,661,1,900,56,18,D,0,0,6300,4622,1406,1
781,293,12000,ranni,668,3,1500,56,42,D,0,0,10500,9810,0,0
782,293,9600,ranni,668,3,1500,56,28,C,0,0,8100,7797,1215,0
783,293,7200,ranni,668,2,1200,53,20,B,0,0,6000,3959,1761,1
784,294,10800,odpoledni,661,3,1500,53,6,D,0,0,9300,8868,0,0
785,294,6000,odpoledni,661,1,900,53,14,D,0,0,5100,4876,432,0
786,294,6000,odpoledni,661,1,900,53,13,C,0,0,5100,5029,656,0
787,294,6000,odpoledni,661,1,900,50,9,D,0,0,5100,4149,727,1
788,295,6000,ranni,668,1,900,50,17,C,0,0,5100,4927,0,0
789,295,6000,ranni,668,1,900,50,38,D,0,0,5100,4774,326,0
790,295,6000,ranni,668,1,900,50,9,D,0,0,5100,4825,907,0
791,295,10800,ranni,668,2,1200,49,15,B,0,0,9600,7994,1182,1
792,296,14400,odpoledni,661,2,1200,49,15,C,0,0,13200,13028,0,0
793,296,14400,odpoledni,661,2,1200,48,8,C,0,0,13200,12856,172,1
794,297,12000,ranni,668,3,1500,48,5,B,0,0,10500,10440,0,0
795,297,16800,ranni,668,3,1500,47,11,C,0,0,15300,14406,375.000000000001,1
796,298,13200,odpoledni,661,1,900,47,5,C,0,0,12300,12157,0,0
797,298,6000,odpoledni,661,1,900,47,14,C,0,0,5100,5029,143,0
798,298,9600,odpoledni,661,3,1500,46,25,D,0,0,8100,7421,214,1
799,299,10800,ranni,668,1,900,46,17,B,0,0,9900,9484,0,0
800,299,6000,ranni,668,1,900,46,9,C,0,0,5100,4927,713.000000000001,0
801,299,6000,ranni,668,1,900,46,7,A,0,0,5100,4978,886.000000000001,0
802,299,6000,ranni,668,1,900,45,13,B,0,0,5100,3766,1110,1
803,300,7200,odpoledni,661,1,900,45,36,C,0,0,6300,6217,0,0
804,300,7200,odpoledni,661,1,900,45,14,B,0,0,6300,6091,272,0
805,300,14400,odpoledni,661,2,1200,44,7,B,0,0,13200,12490,670.000000000001,1
806,301,18000,ranni,968,3,1500,44,13,D,1,1200,15300,14588,0,0
807,301,10800,ranni,968,2,1200,41,14,A,0,0,9600,8752,712,1
808,302,18000,odpoledni,736,1,900,41,19,A,0,0,17100,16738,0,0
809,302,10800,odpoledni,736,2,1200,39,6,B,0,0,9600,8514,1046,1
810,303,6000,ranni,968,1,900,39,18,C,0,0,5100,4927,0,0
811,303,10800,ranni,968,2,1200,39,37,C,0,0,9600,9272,326,0
812,303,12000,ranni,968,2,1200,37,11,A,0,0,10800,9710,942.000000000001,1
813,304,6000,odpoledni,736,1,900,37,18,B,0,0,5100,4927,0,0
814,304,7200,odpoledni,736,1,900,37,13,C,0,0,6300,6217,428,0
815,304,12000,odpoledni,736,1,900,37,18,A,0,0,11100,10858,511,0
816,304,3600,odpoledni,736,1,900,36,17,C,0,0,2700,1456,1197,1
817,305,6000,ranni,968,1,900,36,26,B,0,0,5100,4876,0,0
818,305,8400,ranni,968,3,1500,36,18,D,0,0,6900,6564,479,0
819,305,8400,ranni,968,3,1500,36,36,B,0,0,6900,6564,815,0
820,305,6000,ranni,968,1,900,35,5,B,0,0,5100,3584,1496,1
821,306,13200,odpoledni,736,2,1200,35,5,A,0,0,12000,11720,0,0
822,306,3600,odpoledni,736,1,900,35,5,D,0,0,2700,2572,519.999999999999,0
823,306,7200,odpoledni,736,2,1200,35,20,A,0,0,6000,5840,701.999999999999,0
824,306,4800,odpoledni,736,1,900,32,19,B,0,0,3900,2661,1102,1
825,307,4800,ranni,968,1,900,32,5,A,0,0,3900,3841,0,0
826,307,10800,ranni,968,3,1500,32,15,A,0,0,9300,9147,137,0
827,307,3600,ranni,968,1,900,32,6,B,0,0,2700,2680,476.000000000001,0
828,307,9600,ranni,968,1,900,30,24,B,0,0,8700,7755,577,1
829,308,14400,odpoledni,736,1,900,30,27,D,0,0,13500,12805,0,0
830,308,14400,odpoledni,736,3,1500,28,10,A,0,0,12900,11077,1505,1
831,309,12000,ranni,968,2,1200,28,41,A,0,0,10800,10328,0,0
832,309,4800,ranni,968,1,900,28,38,B,0,0,3900,3724,904.000000000001,0
833,309,7200,ranni,968,3,1500,28,17,C,0,0,5700,5469,1275,0
834,309,4800,ranni,968,1,900,26,29,C,0,0,3900,2086,1677,1
835,310,2400,odpoledni,736,1,900,26,12,D,0,0,1500,1420,0,0
836,310,12000,odpoledni,736,3,1500,26,6,D,0,0,10500,10020,110,0
837,310,4800,odpoledni,736,1,900,26,17,A,0,0,3900,3802,799.999999999999,0
838,310,9600,odpoledni,736,1,900,25,23,D,0,0,8700,7191,1054,1
839,311,13200,ranni,661,3,1500,25,28,B,1,1200,10500,10190,0,0
840,311,3600,ranni,661,1,900,25,27,B,0,0,2700,2626,835,0
841,311,6000,ranni,661,1,900,25,40,B,0,0,5100,4978,1044,0
842,311,6000,ranni,661,1,900,22,18,C,0,0,5100,3557,1421,1
843,312,7200,odpoledni,668,1,900,22,18,C,0,0,6300,6091,0,0
844,312,4800,odpoledni,668,1,900,22,17,A,0,0,3900,3802,398,0
845,312,6000,odpoledni,668,1,900,22,6,C,0,0,5100,4927,573.999999999999,0
846,312,10800,odpoledni,668,2,1200,19,13,A,0,0,9600,8621,746.999999999999,1
847,313,14400,ranni,661,3,1500,19,22,D,0,0,12900,12324,0,0
848,313,4800,ranni,661,1,900,19,15,C,0,0,3900,3802,1221,0
849,313,6000,ranni,661,1,900,19,14,B,0,0,5100,4978,1319,0
850,313,3600,ranni,661,1,900,16,20,A,0,0,2700,1032,1594,1
851,314,12000,odpoledni,668,2,1200,16,15,A,0,0,10800,10544,0,0
852,314,16800,odpoledni,668,2,1200,13,10,A,0,0,15600,14776,471.999999999999,1
853,315,28800,ranni,661,1,900,8,34,B,0,0,27900,27322,0,1
854,316,28800,odpoledni,668,2,1200,6,12,D,0,0,27600,26456,0,1
855,317,2400,ranni,661,1,900,6,10,B,0,0,1500,1480,0,0
856,317,8400,ranni,661,1,900,6,14,C,0,0,7500,7330,64.9999999999999,0
857,317,10800,ranni,661,1,900,6,6,D,0,0,9900,9682,235,0
858,317,7200,ranni,661,2,1200,4,5,A,0,0,6000,5387,453,1
